action	path	blob	sha256	bytes	lines
delete	src/components/aura/studio/StudioPreview.tsx	534c5468885c3527aa1e962892230fd3b947436e	01fdf799f37af925b4ac2a40c29335526e0fa109aefe0e2c94a13f2e47347446	10427	294
delete	src/components/aura/studio/StudioWizard.tsx	d33b3ac5a25d6839de6c3406d196217111b29c52	1b15eaed01362a1bdd3ef1a85c4a2cd6525de4cb583f0e10feeaa45e82be4ac8	10669	298
delete	src/components/aura/studio/ThemePreviewCard.tsx	c6c190ab2e7b1cb9f9ee3a7ecc5ee54739d87ba8	96dd8c928c7d9d76a3142c1b725e0ae2b02bb3b971e14064b2ece3dbbd895c82	2774	89
delete	src/components/aura/studio/ThemeSelector.tsx	a9310aec758e84c8b645e0e38eac75f9bb16238e	8021e808ea30a6c3249f84f534459dd3035ddbaa61a59ae56792beae99e43de6	639	25
delete	src/components/aura/studio/steps/StepExtras.tsx	a6f7793462596e109c8bd46bfcdbd57b9bc165f0	41d399a434642c8c975eef0f164a79b50ae9fa392feef47188327b1250f2325f	10077	261
delete	src/components/aura/studio/steps/StepLayout.tsx	9905d9e93e213d9ac43b09ab284f94af30cf799c	542b3f187b7389c50cd115e47646a8105e535998efd1b779975e5c39e7db2344	5156	134
delete	src/components/aura/studio/steps/StepProfile.tsx	e83cdad9f2900fa888d13fd1b95d79f2a96c3b90	b6412acd50f8c1c3a9c1c4071a2699a8d8b35c855231c5983ea1ba80a64714e4	8423	238
delete	src/components/aura/studio/steps/StepTheme.tsx	71f9ed66a57bcf10b52d5b4b68d479e1f76e08ab	a3d5f6b9481827091787990edcca08ef20d53d7856897b4e914305063673e0ad	14369	338
delete	src/components/aura/studio/steps/StepWorks.tsx	ce1d6308a77443ce8904ee29b3f7d0e3e62d6b9b	ca04c5a2737b0c478387585651c46c12f15e9a1bf5fd871fbe0c9f6de7ee9120	1739	57
delete	src/components/aura/AuraImageUploader.tsx	09b5d274945b8cea3dd400788bbee04a1c9dbb46	2d7da818dcba55d5c969549f782603113c0ece1a3e66cf0a1a4ba75dedc24f13	19859	620
delete	src/lib/aura/studio/skillPresets.ts	da66b5c3f1fae12c237a4ef716dbf2cd627782da	7a5c37d502daa70c7fcc9f42cc512827a22e042af4049b9bce236731c2e2b674	1921	76
delete	src/components/aura/AuraDegreeSlider.tsx	b1b1763c42298f2be31f33a6297114953af1971d	543598da2229a3b6d76675ef8f1cae1714874161bdafb19057b0ccf02533e4e7	2338	71
delete	src/components/aura/AuraIntroOverlay.tsx	016687f42a69a129b191c27168932606ce5e2100	95a7b06049088d3d74924ac3ef2ccf5e1a01c72df18ce7d4871d1d456c38ccf6	12242	340
delete	src/components/aura/AuraWorldviewSelector.tsx	1b14b836576c8510b1fbd332316ecd3171d2e7f7	48228bbb6d324008c667804bfef5125a3d087a0fd046bd917a2dcadc256a17ee	9319	309
delete	src/components/aura/sections/AuraHeroCentered.tsx	38f2fcd36b7a95722af56478ecc8672f2a8e6a52	b1f190c1c061dd319f593fbb5eb27b66c51bc5d9f941703aa34e7ffa6400d8be	2748	91
delete	src/lib/aura/studio/studioAccess.ts	e763955099160337f3b6dd2ff3d3ea2e80e15c64	88460e9e0b26325ca619cd3ebe001a49539411a1d4e0adbf32f925a92032ab06	3018	93
delete	src/lib/card/storage/cardAssets.ts	685b75b1f5bda322cd78af1d2aa2e35233d85937	5fd64a82303167cf80d137bf22fd400f8bdefae324b303d5401256075b9504ee	262	10
replace	src/app/[locale]/aura/page.tsx	0daf3bc17e63ada78d58b093c2b310824483471c	e08e07284d661fe9b4a3ee4336f6732a1f680ae6a7dab7c52b5b32ced91fd30b	12583	334
replace	src/app/[locale]/aura/studio/page.tsx	4ebc07af2b7b7a6ece9e505689c643f135f04116	fedc6b060e36ff6b3f115e86f58181dce8f202b83bcffebc512c9d1ca36a8abb	4191	92
replace	src/app/[locale]/aura/studio/new/page.tsx	2ed703e40ba2057ee5bf486dede7fc954fa570ba	c6c793d9712648b47136a3ab1a9d635d7e8ce7eff744562d8b23992b35b35e1f	359	11
replace	src/app/[locale]/card/page.tsx	6bdca5f52de5687ff260cb36705f72fa1f96006e	818647eb0dc7f453172efd0cfaea646b65458e0c65a8145261e7637117988856	9684	274
replace	src/app/[locale]/service-paused/page.tsx	d35cb045e6131c056584d6fb2d69106aa932cd82	7277c1b7c8ef8df2ae903f4226931f2fb8c661b04d4416474c44ed63abec7b27	2251	49
replace	tailwind.config.js	415f81f39de5e44ba6bdb9ac733ffe545734b8b7	01f5bd7c8dc3936032c940f39c466d4257c03c80e60e6e9f6fdc2449e050ca9a	4024	170
