path	bytes	git_blob	sha256
docs/archive/remaining-cleanup-20261009.md	11386	410bca3b05df4edc1c2a8ca31b5933748dd584f8	f8d9814eac4b0ad59e7cbad10ce80769b5b63b2f2f68ac03816b74af24b3a2c1
docs/cleanup-index.md	5274	d4df6d18a4e7a8e322f93247e3802f6ed06e54c8	542ce347ec1c6b4ae5e65ad342b0d7d5b338e2944d341d84938eaecbccd964fc
e2e/gallery.spec.ts	406	3782327a9466e7d13081c789ded1f870a5a99497	b2de0261c6d7a63a2942f0f7aba4ab12f121767db7747f0b93dfea592dc7dda4
e2e/home.spec.ts	520	9d202a9afe0801daf7fc6e4ece3389ca513b81b1	324b26f62fb99b310e630c8947d02333172996ce0b1e9403549f53ca08d0fdb8
e2e/works-detail.spec.ts	403	43c66f1775f32f7c4349f0b56ba974d1065ff4d7	e8b0c0cc2da0066534b298e31f22831867728222e12ebc531c48e81fbcf04b5e
package-lock.json	538806	61d3123ecd4c38b0d678a0885957cf8bd74d7ac1	17617947ed99f2d80f15555137b4c9b244e83641e46b524b5bee131e46451226
package.json	3317	0f6a1a287446a19ff957c990b7f298b1e07cfd37	303e8d5f65c7f8984ad00bafa074a3696f70fe3f445e5c3ec8c2163c8e8498c4
public/manifest.json	420	739bf55393adc527281b5bac1180e58fa6644401	22c5d64974d055f1d2b360c98dae9f0a1ee3b693e982d4d1536d2ad9bf8ef655
public/models/test-float.glb	6329632	4f9b1b159bbbadad90e62f4664e0d9b5addcf00f	f1a09cc861bebbdab838f742527bda27b92a78d58b9236229c8e9667424f82e3
public/textures/Fabric023_1K-JPG_Color.jpg	1308988	6efe89da182e111e198d8885b5af9677760d3f03	60e52fa620a664987564820cb21cf8df4cfe2e6b5a3f4fa65fafbc71d93694bb
public/textures/Fabric023_1K-JPG_NormalGL.jpg	1953431	ead42c08553a9e3b9126268c1ae93c5b199f9a94	4159c339f2ce6a197d8a715f9ec266f67d5000b951b81c2cddc1deda4abf43b2
public/textures/Fabric023_1K-JPG_Roughness.jpg	585979	369cedaf9be3ca52e62786a7cdc78278aebf1cd5	a7f046f68f313a71b5362a405ae477916b557868fe2cf91e390a069aaa1946f1
public/textures/Facade010.png	1108064	011fe2eb7b4b52d44997ae795bc5de5045a85c8d	88ab36ea14ea6b52ff887704fd24f10d085b828a42e15a08cc0adbf90d0baab5
public/textures/Facade010_2K-JPG_Color.jpg	3547899	94f5fb2d31bd2f582825e7d1809d0a0566ab0724	212e489d25fd3863c90f89632807b3cf95dc9c3e3c7b4287e790aa65c04427f9
public/textures/PaintedWood008C_1K-JPG_Color.jpg	1254739	e04c53e09f7025f0ccda4caabd8a7e6c8b3544db	324c9ad00c3be2d51ad19e5a10b719d418b6cf1c708fe0925db146fb16cb6def
public/textures/PaintedWood008C_1K-JPG_NormalGL.jpg	1744030	472ae6077e716dd5f50da190883c0642d0cf8729	c254779907b35034eb0e75f7ae2465fa058ae24e93b1287e62d41a329eaf0208
public/textures/PaintedWood008C_1K-JPG_Roughness.jpg	534211	be7e86f33bde6284b452c0371461659d465bafb3	605f9345da0317adb0c944e553d990f8f00c81b58823682e6ddefae94119a8e5
public/textures/Plaster002_1K-JPG_Color.jpg	1000485	d698f2e420ce2126cc6faec08c6ceedbeccce892	94348c7b3031644449c5926581144d8a0b84ed15685faf0daa4e7a5807dffaca
public/textures/Plaster002_1K-JPG_NormalGL.jpg	2013476	5438c57afb45300c293aaa8204bd0095c032e0bd	585d97ccccdc9d63a541f95d4d9649ea19b4d79485bfd7312cca7ba879468b88
public/textures/Plaster002_1K-JPG_Roughness.jpg	501790	fab22dd115df0cb7ed4262847e27b386f21966e1	fd9299d7e8ce4a05b55e5e6a9b0b775c2066a9b0aa9d5f4e4c3c08beaa7e5051
public/textures/Plaster004_1K-JPG_Color.jpg	1093948	ef99a0181fd8a052563a21acd105039fdfc87ea2	ea7bcf4c5af54df095300caeb4179a601b9126d08fe38d273fe71075546919f2
public/textures/Plaster004_1K-JPG_NormalGL.jpg	2237930	c63623d05e77b6b634c8c13c725ca864c525a62d	d4f7af819be607020c06c7ef70d659d0584430dd598e148f5f9ac18fd877c909
public/textures/Plaster004_1K-JPG_Roughness.jpg	604413	c90017c0e86794e4c61fc3be3e7e75a276782ac2	4755ea52a42515be051976f6bcac0bab31a9417de864939b0ec1c83153cb1c8b
public/textures/Plastic008_BaseColor.jpg	2362568	a5a1d0945b32a2db8e9df7fd86db822bcb849188	29febbd3e011c5c33208115a2c1c813511b69b1d623ca00db8ba9621c4a57641
public/textures/SheetMetal004.png	1021717	2bf4d7452834a53a31dca90e2e86c88f7f555ade	6896b81c6ae38b16dd8c9616aa016f23a91900c78f7801741d8a6f4ad5950641
public/textures/SheetMetal004_BaseColor.jpg	1029477	0f9a1eaac19a220627bcb26fbf2f1827dc601040	93a0f0443c8b23c4ab41f9273a30da58418bc6b8b9147ea38354bcc9e11c10c2
public/textures/Tiles044_BaseColor.jpg	7539350	1473cf4d0e50babdb238815d022135e2a5ba484f	dcd2dcc1fec99249bec0f357a418c58390b714b569c76fb4278653d3c0791ab9
public/textures/abstract_blue_space.hdr	16984221	494be719db2d0523f390fa20d9c2575938455cb0	52e13951317a14f74d9c04d687368d702f1c0648b48265f17831310a95eba2e9
public/textures/floor/color.jpg	3285797	31cd1f819ba15f5ab58af40577ac5795b50ff47c	bc884226800e99dba831fbdd43d8fcfa427eee5f85721415661edc30621b5f9f
public/textures/floor/normal.jpg	5836533	75c62fe5aac01f673eeed949d999071a2bd2aaa8	de1855273fa740276ceb5a3adb3a7bd0bf314f8e07b4816a46609eb53b86f839
public/textures/floor/roughness.jpg	2770242	d94dcaf17f63d3d8da6a0d2734bb01e5f54ef12a	1ad8b8696db33c463cd5ba13c88b23f0c840cb4ffb277804336e439268779fa8
public/textures/light-core.png	1130299	bad8fc952bdc0a9dccf36d1d7d5fc24de3a8596a	0d8bdfc23651775be64fc2905a3f519f48324be7ac950ecf69e2cbb64d7559ac
public/textures/ocean.jpg	1901517	6954056c09fd25b209c6c81ef08b8560eb04f74d	e0d63935fb37bc29a3f0ac6277e096aee759ed7cd034afddd38af8a39e36b337
public/textures/sky_day.jpg	1527146	75fc3fd43b8afe0730c3c089ce2759706935f8c6	581e0eb16810dcee38aacb0d35c704d6da415e87a2026570e0a17389939e220b
public/textures/stone.jpg	5524835	0dccf355943ba3984733c5a0177bf2704d897c3b	27c78d83a9fa0f8c7cf466c27d49a68a21eae79721699ccd7bc572f8aa5a2936
public/textures/stone2.jpg	3375284	20c72f6a1a0c619d1a7b19db8f1ebbf7062ba79b	033351589954178ff97861dc4cfbe5013dabaf193113555a65f7fe6342eedf53
public/textures/wall-texture.jpg	3179623	993eb6e18c1273c0bec5e33dd26e0c3e35c82b52	8cac8b7439bdd8d4695c64302c8f1f57af5ecff57c4754d0f04601bd0eb80ce5
src/app/[locale]/(marketing)/page.tsx	389	b6f7e10a3435da47c4e95fa1dc62b38201c993d3	a1c071d202a47a78073fcdffd7a914449158e541fb25694d0f48fc0bf9c90275
src/app/[locale]/artists/[id]/page.tsx	12545	9f7606a47194a0a884fac336df98c6c785de09b0	4eefd02b2d7f7c59d4d9bc37f471f2b21fa28e373c87d689cb0f867125274363
src/app/[locale]/artists/natori/page.tsx	15260	c7209a9d50e1a69b391c2dd81f839e980a0c51ed	819dd8e702f470888af284f5150fa65a56da0edfa668778a3fa4fda44b82dd5c
src/app/[locale]/aura/p/[public_id]/page.tsx	4780	8077b05987b957bba457abd7efb1d5152c528ab7	1b03520cefefec2c6ccebe647bb9a2e21383e453d8498372aa75d5baacc7ef6d
src/app/[locale]/aura/preview/[id]/PreviewWaitClient.tsx	3722	ce7236f9c245bece464ace556c7fcc47e7d0e628	dc71f06afe2ff9c36680975bac38e42ca9255f15e6174e072e578ee0cbf5a0c3
src/app/[locale]/aura/preview/[id]/page.tsx	1572	6d4a437cbbd7a7ac9019fff3d5b17032b564c7d8	e9e7d839c0cfad20c5d73af25ee57ceb85adcf4dc573b8618c5359f0ebd457db
src/app/[locale]/aura/studio/p/[id]/page.tsx	12432	6e86f1028ae21b10a20873302aeaa977a88239f0	d2b44a5a010dfdcb3bcc4dd885502fe42d0cbaf6739f398a255f334711f591cb
src/app/[locale]/aura/u/[slug]/page.tsx	1197	2aa0af94267d0f629f9364148e72536e8e065ec7	1078931e293b975d4c29ca0ebbedaca4f130e3d5b7b6e82833ed1a10024f21af
src/app/[locale]/card/p/[public_id]/page.tsx	2964	b2a8cdc937479f8fbb5bfd3029a4163fbadb251b	6fe99808fce36fb35af89817c4c91916dfa35c7180457b2b1860acadbd967877
src/app/[locale]/card/preview/[id]/page.tsx	1118	72ca6aa58ee4f339a15887147e2161e3fef1031d	a1498999911ad458e2e3009425c181c8f6224d263a1ef337d124d8deadd88be3
src/app/[locale]/float/2d/page.tsx	6258	7aac9d2d47a426c0090423724cecf27a596d9beb	75917ba7b635d4e29526624f0a437977799ece79e93a56bcff24b0d5e889f117
src/app/[locale]/float/FloatPageClient.tsx	321	3711e73049b1e9715d96b8e2f167ca8ee3d2eb89	9629dd4de9b4bf85b0868e6b0d868f2a5a6a7e715ff336d0260f91df8cee3076
src/app/[locale]/float/layout.tsx	520	9748371a5c3e788ecea1c74bf851a1d0873ce180	e6d1a0ce9ec6bc68394cf2e09c078d4f25caa5ea2fa9c0b908179e7069b432c4
src/app/[locale]/float/page.tsx	472	6523b7b68efbb53f97697bcfe4c3f906989ee4e7	fe93aee993cb8db44723115230086ac402f4b35e52679430a2ce4f8ba82dc955
src/app/[locale]/galleries/forest/page.tsx	573	1b16adab533d5fc9b1735645a5bd41920a336789	ae53e88c6e3be46e4231e39b64d06fbb189e03f45bbeb48dcc588e69c6221182
src/app/[locale]/modal/about/page.tsx	5512	10f2e220d06d1d5e13c1c9f97cb096c74a53ece3	a45480d3692410546cd7ac09681254e874fbc8c2dd8f3aeadb0ac238ac023e1c
src/app/[locale]/modal/buyers/page.tsx	3610	e10a0f8c92d2e6afcdb6952c860ad4d13e0c2e33	7143f68395d131eea6c3813f2c581d171d1e1fc507dee89ea56cba6468aa6d8d
src/app/[locale]/modal/creators/page.tsx	5328	89d896ce6848776b748a1b344775d1123a5f8617	b0b2edfa423a42e6cfee5cd45d7f6447dd5ef66362c06f3fdb7cb56c2aa0b8a4
src/app/[locale]/modal/pricing/page.tsx	7751	860a817b44a542c55784aa3391556d1220369b5c	e0f07e9949863a02c9ed87f23b7e18124b1c011cf056bd14160665e03b18b2c9
src/app/[locale]/special-thanks/page.tsx	1476	02af2fdef3a1839c8da0562e9e7f911a32ed4f14	7b339d5a8e2868f4ca5a6f57f0f2fb9933512b35ff0d0db8c5265e7d96d5f6d1
src/app/[locale]/special-thanks/special-thanks.client.tsx	8002	1a601faacf14a0b320f84dfbfd389aef31f3fb9e	ad3a8c5440e846315f3a42c5a37c6f19238f39e30116126666ab4a463b795024
src/app/[locale]/white-install/page.tsx	458	53643d999a484a78ef518ba0f35015861beab1ec	818f5a92655c0d72a8c827412a2f42b55e07f3594acbb299c43c150a0e3c781d
src/app/[locale]/white/2d/page.tsx	4295	df18f6c513adebc71f0800fe3b05011fb7e79e6f	0927417abb91a86398f612d2598a08bfac6ce08cdf6df04346b53f00332e43b0
src/app/[locale]/white/WhitePageClient.tsx	321	1af4e992af7ec795af0c6a9440f023992b0db5ec	8fcc964f184f2bbd35b8043f21f79f38c1774e3bb481e44747b1aa75f767be0d
src/app/[locale]/white/layout.tsx	752	aa33283337d6265faec40768fe4ce224eddc7a3b	b34487afc29276d19ed9a8d3c74fde95a5bb828a8a839f0aa1dfbf2e295e0bd5
src/app/[locale]/white/page.tsx	157	2f4a7ea61dc12777f48f0a97cf29329bdc31b351	c55b8d59d2ad1916c946d8e32b6426a0cc73534da7469a1e40b33b377826d79d
src/app/[locale]/works/[id]/page.tsx	11648	bffadaa719253ddd04da5ef15dd0f9a4ecb12063	288c980b2b2229e009b84412e0543cb96201ce6f00bd299b52c7514296d5cb87
src/app/sitemap.ts	4642	9895f61817093c07acb95ff3043facfd6dda89f2	4fbd625a02107610059aeb725eddb27fa0bc3b92cfff391c54ded9b66ca5f95a
src/components/aura/AuraPortfolioRenderer.tsx	21285	960126850afb417d4b5773463e1d7e31e05623c8	b2a4745ea4f5748b6ea758575d35a40fe9e5028baf473b67869cb348bc12bf68
src/components/aura/AuraPreviewEditorClient.tsx	17874	5803caafe39dd569e8fa4c122bdf945ad7eee420	78fcbb254211da3a6b8a39af62669775cb6b2fb71b3ad8760e17a3e96b41d883
src/components/aura/AuraPreviewShellClient.tsx	4881	79325d4f165bab730c1cdea4c5d717e262be6d7c	5f8ff08d6144fe22df311e72fea5d34e2000373c57daa2467cc0ae7efec1bf47
src/components/aura/AuraSectionOrderEditor.tsx	4828	8b3d9c1dff02d5048b72da018a35623108083fba	ac0a9f0ae2db22b604372392a2735a0584fab65870a5288e7515ee02532f277f
src/components/aura/applyVariantStyle.ts	10735	c00d7a5bd4d4d7fef4ea0e66a3c58542a04abb91	15f499ab80ec89080ce8b663d863743cab84cc77746f3f578046a4d63e7982ff
src/components/aura/renderer/RendererRouter.tsx	1608	9f38889debb10676d91079b717f8d688347adf00	be2e0359581c031c86457d8d4a4b020fafce5feb5c7ede40cc18e56f33c717bd
src/components/aura/renderer/v1/index.tsx	582	c7f4786dcd60b9de63ba5b2ba85cd89efc0e4a78	17d075ada33b9142b23eec9d24928f44bb68d1f15df6fa3dd6f451a21eff7d13
src/components/aura/sections/AuraAboutSimple.tsx	13028	084d852f8f3c789a26e2da48d997a7c743d474ba	595efd0437e4ac896fd81e4923a4cfb99e8cbd71bed314b6b9da07793e10278a
src/components/aura/sections/AuraContact.tsx	16817	fd001043b8cb0c1ba95b055de775039b521e8245	9325f841967f79e01ca77689489fdf2f9ee47eba9dcc30af6ce0222a0348e9f1
src/components/aura/sections/AuraGalleryGrid.tsx	20487	e4fa8229a268df0d7cbec3ecaedce0c2dc9e3cf5	d476e7fa5b05271c824dc96b2dfd07e1f45a1c3562681ab5ed9564d927fcf3ed
src/components/aura/sections/AuraHeroSwitcher.tsx	1718	8fb52849f5c358e4baf0b28a7fb9f2e7d809c052	8f4b270cb4b1cb92f04937472b9f0e9365029a48ad43f5ec589fb6907cce7f36
src/components/aura/sections/AuraServices.tsx	13287	c28d9e19e3704302989db06998f54139b5f2029f	f36f409a3abdb6c0d093f9c73cc4198c01504312c84ebe6c75b34c14f0c3a2a6
src/components/aura/sections/AuraSkills.tsx	10425	2e67cff9722d8ddb41194bb3bc2eee1cc2353ab0	b742b50b8f4427350dd5302429c789d5c775fe9a205b002a159ab26aac2dad2f
src/components/aura/sections/_shared/AuraSectionPillHeader.tsx	4183	ea2c73a9ca0b9c57f683bbcc14230c6c91c65782	2bcc33805a5478aad066ac2ad9d6ad1bca946598429cc5e139b1306e840291eb
src/components/aura/sections/_shared/SectionBackground.tsx	4168	6867ebbe403ecf9a3e0237a32085e18bfde574e0	6dd0ccdbdb3b0173db3db4f0a840019c5681780f0405bd8c0a9c5be703eb5894
src/components/aura/sections/_shared/SectionDivider.tsx	715	42517ce04404aad3926f73db5789a968f375f38b	9b8a02529a6b29024c3327a9c1bd5747d103552ea65ca67068d7cd80e57d1bb2
src/components/aura/sections/hero/AuraHeroMinimal.tsx	15581	8c84a19379c7c86a74aa6a8c9913dbb922329dc0	1d997ddd44c43a3b12ecf31267fdd9d819713fb85f35eb90031c4c64af89db46
src/components/aura/sections/hero/HeroTypes.ts	679	c8f278eb742d24be4499b0f8397b59bea822a4d0	77256b4aa2b3ec8eabc2b70a0049ae3558b7f19de5225afa1f5716ed2506181f
src/components/card/CardPreviewShellClient.tsx	4482	83c7e0c535e746389f1a407d57cde67998bf7ed9	132d68b49df39289834986ee12549bf565f230539661bcfe40d83ec959a77b4a
src/components/card/CardPreviewWaitClient.tsx	3317	1d25fdcf4fd8c1e1e84db0ca15a3558232f6cc28	96e87f5f9c6cb22090cbcabb7119a5620ec933066d321a32ff7536ffd6adfe15
src/components/card/CardQRCode.tsx	2009	b6b8c1ead9f4a3a797b7bdca70e84433b9ffb0f9	03cf73a6795f7c0f899c1868806f816f56a976cddce53ef4cb65a63b6acd5382
src/components/card/animations/useParallax.ts	998	9185bd3648b014585de99817b857c6e28c35728b	656319619f53b3cc17a2a338726e1e94a55c60fee566a242a5a905d57cd1d16b
src/components/card/animations/useScrollReveal.ts	919	b8b2f0bf179e7ae6845998662872acebf4d96d5d	30c1f5188eb6fcdba0fae624e46add20cd2ccc324982aba53b8ad504b3bf21bc
src/components/card/pdf/CardPdfExport.tsx	9809	12cc67191aada26a93b22426870c96a180db5b6b	65b0bef6c22c122f7830129d01021241bd889845e7a3284e064dce9a2a6adc24
src/components/card/renderer/CardRenderer.tsx	10094	95efb4434c4741945681d9f343e4cf5bb7051382	7f56306187521b764bab3db2669291ee49e9045294da5e22d0237c7c025506df
src/components/comments/CommentForm.tsx	3369	860617bb213eda458e9b3e6d253bfb125d0f76ea	b4999bb43ebd37172ecc1abcc286921a4242ab5461621f855675253e7ab036d3
src/components/comments/CommentItem.tsx	3860	12d4ef685a9477f8d809596fe5380788d9d2f38a	cb8185f42bbc60855b8fdd470f62aab469f41ea89ba99e00a832d3ccdfef4852
src/components/comments/CommentList.tsx	1494	0c6cb54f4b96d262ba3dd52d78565a4363e28e0e	086d8565e428b574f277836e5a00782f33d8d1ac57d314030e435aef1fdbb00c
src/components/comments/CommentSection.tsx	3426	c30a2c5c888c8c32658cbff8c20415c5f77d7f18	196f12bd9b0436aa8af527c5d31fd9ccbf6a383bcf3776264211aee4dd055729
src/components/comments/index.ts	186	c0bfc1748626f420e533d5d7ddb2f045de478030	8699ba5a1cf8233c4a29da90e56176b898e224da75654025b2994e47ba6914ce
src/components/floatGallery/ArtworkLabelFloat.tsx	4320	8263cfebbeae9364d0b81f48dd6b98df687e9cbd	09f5086d960d28ac193e5fcbfc6db48e8b3660371bf0c05a5955e50941891362
src/components/floatGallery/DayLight.tsx	2024	8ce92f7816d783002dcee0f17578c5c83d9337f2	0feaa4edd9bdd15b44c8ac7ec40a5c9677a949f2ff5181e41cc8f29e88263560
src/components/floatGallery/FloatArtworksInGallery.tsx	9570	93766a4781795c95524d16e6cac846aa1b8765e6	b06b3c633b710e8d7d81379ad93d3c42022ef87cfe64c3938ff6d940bf9b784f
src/components/floatGallery/FloatAvatarController.tsx	6078	9ccd3ce5212d28321edd2c731696010aa01e5878	44b6b058b33cbf5295c57ef64c69ea1551ac260c76fa4b2d2819544bf9e3d6a3
src/components/floatGallery/FloatGallery.tsx	3889	695f6d4767e84cd53ff27610ab0b5578725a76df	1cdf47c2820716f672f5ecf22096d06de729508f539aac370b18dc0fd96dcbbd
src/components/floatGallery/FloatGalleryClient.tsx	356	db889452a3864200ce57591c9ec83c141a59aa3f	ed4d81a414113e93898c14c9bcf36deb6f6f7b84061287ffbe320e1c03cf57fb
src/components/floatGallery/FloatOutsideWorld.tsx	7585	62e00fac6a6397fc5e691c4ea23a869d40a27117	0cbc89c2b7c55d2450b51d36dc31f9d21267014518dbf73e5cd2bff8e82d87dc
src/components/floatGallery/FloatPanelArtworks.tsx	9056	eaeead28678610a8772ade743b31b70c1e647ce0	93c9973d91471656dc454bca510c460ee080c1d358928a720093edd0029f0660
src/components/floatGallery/FloatPanels.tsx	1236	c5c630235164a915d6c15682f6e96ead896da68e	60cd07ad9c03fa120e450c604c6a557bd908cc58eb9911b751e68a7f3f31ec62
src/components/floatGallery/FloatPanelsCenter.tsx	282	a24ae54a4740d16a0a353ae26ecbbd95ef0223a8	1b1cc5239007bbfbbd7e16dae887351a43395c3c2a4d8835db098c0ad01a5817
src/components/floatGallery/FloatWalls.tsx	12272	1dc93c4b02ed606a7b20643af6545737244c4b98	ed7f2b53b40b1033a1ad94942e2cb9243a35caf07e87c280742d272233c6abd3
src/components/floatGallery/GalleryLighting.tsx	5704	9137916f3aa3e5f5a8d7a189f37895cc3a15b8d2	083185ee760a8fd70cd5b313eb89cf630ec1bcf17acbfbeacee5fdd3d0b61796
src/components/floatGallery/floatOutside.constants.ts	2551	429f0d72210c9629fad3758599c56d6218814efa	e94e36a15e27cbaee61923abe924ea7064b33d154cfd83f2007979ea24a17565
src/components/floatGallery/floatPanels.constants.ts	443	b76cc0538fb1282d16c4ded4ab2a633491f5d3c5	175f786f9eeabeb9076fbcd845011ccf0c357df292f9ecad70ff2fcd2ee2154f
src/components/floatGallery/sharedGeometry.ts	13256	7b76e26fc6706644885c186610853b4b44638f00	80ad07f15a54ca569ebe71035f03385e34d3690a57100049b0fa9928abb86a83
src/components/gallery2d/ArtworkCard.tsx	9095	cbe677266d21797bdb6745876c84c523c1708584	f3a47158da1245e05f4332ad02f4e1262059dd964e973cafbeb28c3b5a5453b4
src/components/gallery2d/Gallery2DGrid.tsx	1595	ca725b0573c2b4b790e84219ceed4175fcc9aeca	96adeb1a8249dfca5f71b37794cb0adf581c820b88fe4588797df682e193c450
src/components/legal/LegalNotices.tsx	1340	2135a787a23837aa3bd915cb22d0526d48461e7d	782f359402b502e407b828ae23363c276fdeda0fec1e0e2eaf528cbec7d91401
src/components/purchase/NormalPurchaseButton.tsx	1467	4c0071ebaba5b9a9b0a228acea6b03143ce4b639	b4de6a7c887389fbcacf9f9ccd21077506f1da1d7243ac55d87482e33574a5ed
src/components/shared/AIGuideChat.tsx	17963	e04bf4d8ba648860a4f734c37421272f203c41d4	c3bdab3c708fc50cf2a7fd5743db4b5a918ab279ace94c6a00240991a849702c
src/components/shared/ArtworkFrame.tsx	6007	cd4d0a51b8d44fca0a3ebd78acd04942bb1c47b5	9ccba9d6fdb3f7cd5cbef65ee4d8ba964d34a2c534fefa609698a86229f8c36e
src/components/shared/Avatar.tsx	2087	63dd9fabf972da832e0a5daebdd93bc910ecd068	0265665be99470ac8baac2cf95cae50a25944930e45cfb57289c94749a0982e4
src/components/shared/AvatarController.tsx	3050	f52cb71e68717c17b4ace8ff303b18a6741fec5f	efdd386d32f8ed6ac32744a9047577b3a4d9ad6ac25651fd5347bda4ff70cf1e
src/components/shared/CookieConsent.tsx	2850	a5c151d4697470a2061dbe3c34eb3b6fd4c1cb70	98eda03566a414d30914950a3481e975ba536720f7413dadf24ce16a035175ab
src/components/shared/CoreSphere.tsx	5433	998b32b22697404628dd059ede7922917a30c77c	b836359fe58f6ef465cf4f6463b8114cf10c419b9a56ae34916a48c3235d9c87
src/components/shared/Footer.tsx	1169	e8d4a84b796880f5d5258dc93741c684a7d1d3f6	882c56f808022e0b1b2f437442ebee902e0b55a85dbafa5ad92b808812d11971
src/components/shared/GalleryIntroModal.tsx	5964	52d284f17e46f2749b02336d41e26f35e3366bd4	a21f297cec1cd03787153958c8d9db3f3328aaed4670b3c8ec8f3de52574a688
src/components/shared/GalleryWelcomeMessage.tsx	1117	923ba9b4b21ec13c9c352761e2c79c35e96b4857	08307e3c814ed66d6d7f0c077050dd8ddb8b036ccbfb27affc23ac676561063a
src/components/shared/InstallPwaNotice.tsx	1222	52df53354455a165ca5c4dff795e67e8897556c5	0467582e661afd8e9810516564f895f75b15a2f8f0437c52a4c869ae2b65dc25
src/components/shared/JoystickInput.tsx	6957	cfd8d49c10adf99a1129677613e31dad5fdab50e	13bf603ed9571d166236f32c770b86c95dadb93b86e306a1fff0d907628a78bd
src/components/shared/LazyArtworkFrame.tsx	4983	947bc35b182a956a7eb02ba6c0a0217cd33a9620	0ac8aab35859921ff9d7cb8bac689b45c995b8dfa0098a9ddf2498dbf6eef863
src/components/shared/LightCircle.tsx	1374	663696730c47d5fe377c530939a29ddc19ea6e6d	628bd77508691a5c29050b71fcacacd84ab7f1ec59569669d55539f4f662cb63
src/components/shared/OperationHintButton.tsx	4701	4ed66ad6b3bb5856c0d6ac2170402c217fc72088	c7ff44521ca5a78111721f60134e56f4774b15f8ab4cadf450cefb3d1d5fefb1
src/components/shared/ThirdPersonCamera.tsx	3694	e9748a98252463116417c930bf69adb7f41ec114	4bfd33cc49f0355c42386d2f8e1ee9f3c373381f327c98bc9b7dc18b4b75c68a
src/components/shared/VirtualJoystick.tsx	1405	67a029a8b2c9715beb6e3e3c90104d8e1055ba0c	7b27481918e6d5d07c3e1b563b5261c93b9c7c4ce743eacb7f1b4d0457173182
src/components/shared/ZoomArtworkContext.tsx	1900	507ee95cdf990c8475f6bb866c568a42e5ca3cfa	f3d9d29c6adb2fac38c80a816910befc5cd689c6ab72d870c76002cde7a3a0f5
src/components/shared/ZoomArtworkDesktopDisplay.tsx	17469	65ebff56bd1847e1d322cdff7799d8bde841879b	ae52cce41980d7097f491be7f4b8067efe762d1bd700981cf0bfeb92be41d64d
src/components/shared/ZoomArtworkDisplay.tsx	2485	35497cfb8dc98f043406eaccb7a04950b5f86c13	235a1d54ad81c63648e95d7089d8b79a88906fab2c64e1f70187ea8223270caa
src/components/shared/ZoomArtworkMobileDisplay.tsx	15991	1ac489fd0f3c169b45e362fd312bda6970be5c55	8acf56824d283006729811c61a90966d7649fb82ff710a17e84b76edc9a20b31
src/components/themeGalleries/test/TestAvatarController.tsx	4597	642ae381390cb7446012c09550a40064bf844421	85d79be17083e54aa452e90430a4d721c48af240399ce302f1eb38da4f4d444a
src/components/themeGalleries/test/TestBuilding.tsx	5844	a2c395f7529d17fcf18e50931320298dd8a60d67	6f070a6513addd1dda6be7b0ec0b2304e4e6b7e4bfe889d194400f02dc4607cf
src/components/themeGalleries/test/TestEnvironment.tsx	3224	37eae2653214cbce155add7811aa0ad17fb9a44f	50ce216bcbfe5f00b65dd4f8b3bd8c32b7c28db29f2d86447912ce3f1fd01625
src/components/themeGalleries/test/TestExhibitPanels.tsx	4006	c3233746b145de419d7f9d1d00a9ab6be8644846	efbd5e3aeb977f17202c65d5656d62ade537a8618b0f84728535e5e4079388eb
src/components/themeGalleries/test/TestGalleryScene.tsx	2471	cd0acf17df208429f2238dcc79cfdaad11dfdbde	d99cd0e05a7e5f8771cfb6cc092d01420c5ba30d79c2e3ec13a68e5a183eef4d
src/components/themeGalleries/test/TestLightSlits.tsx	2603	179894cf7af25abef1de668210ebbce09efb8f7d	e9a1a5bcd2ce372cfb9da80200b5215cf6ad8a8c27bb244c5cad8f80c840240e
src/components/ui/radio-group.tsx	1066	df1ace1c7fafe621dadc61eb6db8f6b4e6a095fc	9fbd3a96425573887d2b50e576ad0d4ab1c0bfaabacbf8f56ae1e4c46d165f05
src/components/ui/separator.tsx	770	12d81c4a853472948b6dd2e85eff99b5d12fe60b	995c54f1c5c688f712a675fe35d55bcada2b31dba561dcc71553a1ad601e59ec
src/components/whiteGallery/ArtworkFrameWhite.tsx	5821	0e6e5115fba8401985348f62bbbe145ef915b710	5b52d39af4e5cd0792c93d4c99409fd4eb5cebe42f2757a10209cb4b843aa479
src/components/whiteGallery/ArtworkLabelWhite.tsx	3088	bce6853d5c5e216bea7629890315b3cb3a2ec703	0d3345b88a8f29c7b23bca23811b9c43078287955b00dcc1f5852f62c30b92dd
src/components/whiteGallery/ArtworksInGallery.tsx	5269	1f7e7de6422a82828c0073a348ce55d2f50090b0	d7d324ee9917350784f5290728424ae20bc4ddaf29b2e6fae20b39efdce4a47c
src/components/whiteGallery/FloorWhite.tsx	473	59975b4a2e4475cc49e00d1446772c2f48932544	ca64a27850ba89a4b2c89375ebf98862c29c7286a2f4bc97880a12ada23eb786
src/components/whiteGallery/HologramMaterial.ts	1449	051a3472f59147fe63805b2f53d642ffad7af2c4	84f855dbd12647abae9851b2582777c0bf119574418a176ee0e6a6dda3f38720
src/components/whiteGallery/Lightning.tsx	500	5d209846a7e611b8eb65807ab4507ceda586f22a	8d4c1fa3c7d46e948f9a254d937ea3a8fabc7ee04be109617051e8f2caa2644e
src/components/whiteGallery/WhiteGallery.tsx	3129	5e13e2939dc481cf25633af38603c27f26a94377	f79beac595462ded51d99aaa57f424b17c2a79ef6204d4edfde317f43c3fd7ec
src/components/whiteGallery/WhiteGalleryClient.tsx	246	cf567dac51b42be0f97e20733f4aa99f28a2ce68	c52ef38a7ae97cb244148bcf615f0907e3978869a08e01a064ad30441ddb2c52
src/lib/__tests__/legacyPublicationRetirement.test.ts	7679	a2a7966b296dbef4fbcf5164c6572a6c4f43505d	09b830fed0b8dde82f1f2e9405829d5b26d7eaeae7406bf5a7a1273a9521f31f
src/lib/design/tokens.ts	5538	a81b283d287540187907c218ac15c219796cfd17	b7ae09d62b5705c08edbb38d82e10d55497790015ffc36ede57dfbbda3286710
src/lib/legacyPublicationRetirement.ts	782	c906146fadcbe9be4a461d45de1c96356bae3746	68ea42da59aee8b77d5ef08ac9ea5099c2ec33fe7c2ff2db5e037f92f1381026
src/types/react-nipple.d.ts	456	ad5007f5046bdbc64cd5e9d8499a44a1e2efca5e	e07e5a10263390fb8b9515ac15bc8d11662bc4ae45d420313253d2df3ac1ac83
tailwind.config.js	10942	c2f0342e3c998e504d380193ae142e65f24db03f	96b8b4ad9fca856f3ccadd2fbb0ce68bd3d0975cff4665f6d4a2e641f8833b47
