action	path	bytes	git_blob	sha256
delete	src/app/admin/_components/SyncDisplayReadyButton.tsx	2049	27cb13cf1fe1f2793c8a872e38a2c6c6c403fba0	5e352194f627e2d4e20a2dacba6c1266acb92bf3eb6222cfd5c889df3b582c13
delete	src/app/admin/users/AdminUsersClient.tsx	7507	06289c50d4f08e2d55705acc6ee7daf22d71a4ad	010dffb04f78cee88216dd75d49a3d23ea63470741d526fd285607068ea5d158
modify	src/app/admin/api/entries/sync-display-ready/route.ts	5417	f6c5c3ca3cadc0357ed54b1cffb8d8468d6bea99	0a140bec0b7e3eda89f5d446d5c56e4a698025436ebc456784f224717ec3f43e
modify	src/app/admin/api/entries/[id]/approve/route.ts	9431	70fa1ac2944cd1479b4e3986519367042948edd1	5ecda74c054b38126b99890a692ab872f76e2c42d24454c6ceba48dadd44b8a9
modify	src/app/admin/api/entries/[id]/reject/route.ts	3661	fca4051b703b03cb340420b2450281d344f8262d	d55200598c90fbd1703a3639b59a600d4ef9b2e3e4dc47ce946faaf424b3e883
modify	src/app/admin/api/entries/[id]/reset/route.ts	1224	fcde7b54718ba5a7b2495cc7b33220c0b84e908a	a244493f98409651a2adb8d2d6f155fcd324d37c9c935ba0fe552abe4f3030b1
modify	src/app/admin/api/entries/[id]/plan-checkout/route.ts	4104	5c29c4b2c5466a9c7398175f84ff87e6693a6dda	4895f685448f458023ffae5ea718c01a7504d87aa1fd45ccc8869adc883ae577
modify	src/app/admin/api/entries/[id]/route.ts	3341	1a607eecea854d259aa25a8620401e7a2b7ebb9f	8c5a5deee02198353e5ca05a1df21675c5745e15a04afc6f799fcbb16e93b107
modify	src/lib/__tests__/legacyPausedApiHandlers.test.ts	8823	e2c0a5f6dd8c872b9943e5b14e4b798e1004d9b1	21d6a33d01f155a2c8c56e0ef69e0664e5c8c4671066656790ed84698ab2813f
modify	e2e/legacy-service-stop.spec.ts	3010	4d800acf877f5ce2a6e27a7e5006d80feaa0731c	5a9b053f8b69d95151ee62838d28bd4e0de0470b6a75f3371b7c3ece84cce5b2
modify	tailwind.config.js	10747	fe7d7f375d4747fd41c8a6d60b0c59c4d56e28c8	fd99fac76e9f088b5dab600c8c92ebf020146bfd12bd1e2b36ef96beeb9f1533
modify	docs/cleanup-index.md	5076	7c61b15a32205cdb3c402b652c24fb41fb6b6b70	26b77f6f25e4911cb8f56bd96653ea617a3f98c2d216a0eb1399301125a6d1be
modify	docs/archive/remaining-cleanup-20261009.md	10731	dd27273a22461af47cb122e352cd89d9172aab72	b682701ce7fe67b8171cc9d845168b0fed38280fa16481a66fb95dd96bd7b611
delete	src/lib/guarantee/capacity.ts	2648	774e6a0e0c6581be2e31b69b0b3dff9ada932320	cf7bf4ff4999f26e0601db356940fc5df787749006acf494a565231e8da9a31c
modify	src/lib/schemas/entry.ts	1287	fa8b24c8e85fe5aa1139a40f2c512a4fb1d07ac3	39cdf9ad9e3c086bb52713cc7cd84d296a164a7104e977ae1385ef53a9abaa51
